No.,Channel Name,Receive Frequency,Transmit Frequency,Channel Type,Transmit Power,Band Width,CTCSS/DCS Decode,CTCSS/DCS Encode,Contact,Contact Call Type,Contact TG/DMR ID,Radio ID,Busy channel Lock-Out/TX Permit,Squelch Mode,Optional Signal,DTMF ID,2Tone ID,5Tone ID,PTT ID,Color Code,Slot,Receive Group List,TX Prohibit,Reverse,Simplex TDMA,TDMA Adaptive,Encryption Type,Digital Encryption,Call Confirmation,Talk Around,Work Alone,Custom CTCSS,2TONE Decode,DTMF Own ID,5TONE Own ID,Scan List 1,Scan List 2,Scan List 3,Scan List 4,Scan List 5,Scan List 6,Scan List 7,Scan List 8,Ranging,Through Mode,APRS Report,APRS Report Channel
1,TS1 - F1ZHW - 94,430.53750,439.93750,D-Digital,High,25K,Off,Off,208 - France,Group Call,208,Exemple1,ChannelFree,Carrier,Off,1,1,1,Off,7,1,Rx Group FR TS1,Off,Off,Off,Off,Normal Encryption,Off,Off,Off,Off,131.8,1,1,1,DMR - IdF,,,,,,,,On,Off,Off,1
2,TS2 - F1ZHW - 94,430.53750,439.93750,D-Digital,High,25K,Off,Off,9 - Local,Group Call,9,Exemple1,ChannelFree,Carrier,Off,1,1,1,Off,7,2,Rx Group FR TS2,Off,Off,Off,Off,Normal Encryption,Off,Off,Off,Off,131.8,1,1,1,DMR - IdF,,,,,,,,On,Off,On,3
3,TS1 - F1ZGI - 92,430.57500,439.97500,D-Digital,High,25K,Off,Off,208 - France,Group Call,208,Exemple1,ChannelFree,Carrier,Off,1,1,1,Off,7,1,Rx Group FR TS1,Off,Off,Off,Off,Normal Encryption,Off,Off,Off,Off,131.8,1,1,1,DMR - Paris,,,,,,,,On,Off,Off,2
4,TS2 - F1ZGI - 92,430.57500,439.97500,D-Digital,High,25K,Off,Off,9 - Local,Group Call,9,Exemple1,ChannelFree,Carrier,Off,1,1,1,Off,7,2,Rx Group FR TS2,Off,Off,Off,Off,Normal Encryption,Off,Off,Off,Off,131.8,1,1,1,DMR - Paris,,,,,,,,On,Off,On,2
5,OpenSpot TG9,438.57500,438.57500,D-Digital,Mid,12.5K,Off,Off,9 - Local,Group Call,9,Exemple1,ChannelFree,Carrier,Off,1,1,1,Off,9,2,MMDVM ALL TG,Off,Off,Off,Off,Normal Encryption,Off,Off,Off,Off,251.1,1,1,1,HotSpot,,,,,,,,Off,Off,On,1
6,Pi-Star TG9,434.07500,434.07500,D-Digital,Mid,12.5K,Off,Off,9 - Local,Group Call,9,Exemple1,ChannelFree,Carrier,Off,1,1,1,Off,9,2,MMDVM ALL TG,Off,Off,Off,Off,Normal Encryption,Off,Off,Off,Off,251.1,1,1,1,HotSpot,,,,,,,,Off,Off,On,1
7,RPT - TG9,430.47500,439.87500,D-Digital,Mid,12.5K,Off,Off,9 - Local,Group Call,9,Exemple1,Different Color Code,Carrier,Off,1,1,1,Off,7,2,Rx Group FR TS2,Off,Off,Off,Off,Normal Encryption,Off,Off,Off,Off,251.1,1,1,1,HotSpot,,,,,,,,Off,Off,Off,1
8,RPT - TG208,430.47500,439.87500,D-Digital,Mid,12.5K,Off,Off,208 - France,Group Call,208,Exemple1,Different Color Code,Carrier,Off,1,1,1,Off,7,1,Rx Group FR TS1,Off,Off,Off,Off,Normal Encryption,Off,Off,Off,Off,251.1,1,1,1,HotSpot,,,,,,,,Off,Off,Off,1
10,TS1 - F5ZDO - 77,430.35000,439.75000,D-Digital,High,25K,Off,Off,208 - France,Group Call,208,Exemple1,ChannelFree,Carrier,Off,1,1,1,Off,1,1,Rx Group FR TS1,Off,Off,Off,Off,Normal Encryption,Off,Off,Off,Off,131.8,1,1,1,DMR - Paris,,,,,,,,On,Off,Off,2
11,TS2 - F5ZDO - 77,430.35000,439.75000,D-Digital,High,25K,Off,Off,9 - Local,Group Call,9,Exemple1,ChannelFree,Carrier,Off,1,1,1,Off,1,2,Rx Group FR TS2,Off,Off,Off,Off,Normal Encryption,Off,Off,Off,Off,131.8,1,1,1,DMR - Paris,,,,,,,,On,Off,Off,2
12,TS1 - F1ZJC - 92,431.77500,439.37500,D-Digital,High,25K,Off,Off,208 - France,Group Call,208,Exemple1,ChannelFree,Carrier,Off,1,1,1,Off,1,1,Rx Group FR TS1,Off,Off,Off,Off,Normal Encryption,Off,Off,Off,Off,131.8,1,1,1,DMR - IdF,,,,,,,,On,Off,Off,5
13,TS2 - F1ZJC - 92,431.77500,439.37500,D-Digital,High,25K,Off,Off,9 - Local,Group Call,9,Exemple1,ChannelFree,Carrier,Off,1,1,1,Off,1,2,Rx Group FR TS2,Off,Off,Off,Off,Normal Encryption,Off,Off,Off,Off,131.8,1,1,1,DMR - IdF,,,,,,,,On,Off,Off,4
14,TS1 - F1ZTC - 75,145.77500,145.17500,D-Digital,High,25K,Off,Off,208 - France,Group Call,208,Exemple1,ChannelFree,Carrier,Off,1,1,1,Off,1,1,Rx Group FR TS1,Off,Off,Off,Off,Normal Encryption,Off,Off,Off,Off,131.8,1,1,1,DMR - Paris,,,,,,,,Off,Off,Off,1
15,TS2 - F1ZTC - 75,145.77500,145.17500,D-Digital,High,25K,Off,Off,9 - Local,Group Call,9,Exemple1,ChannelFree,Carrier,Off,1,1,1,Off,1,2,Rx Group FR TS2,Off,Off,Off,Off,Normal Encryption,Off,Off,Off,Off,131.8,1,1,1,DMR - Paris,,,,,,,,Off,Off,On,4
16,TS1 - F1ZEI - 93,430.17500,439.57500,D-Digital,High,25K,Off,Off,11 - World FR,Group Call,11,Exemple1,ChannelFree,Carrier,Off,1,1,1,Off,1,1,F1ZEI - TS1,Off,Off,Off,Off,Normal Encryption,Off,Off,Off,Off,131.8,1,1,1,DMR - IdF,,,,,,,,On,Off,Off,5
17,TS2 - F1ZEI - 93,430.17500,439.57500,D-Digital,High,25K,Off,Off,9 - Local,Group Call,9,Exemple1,ChannelFree,Carrier,Off,1,1,1,Off,1,2,F1ZEI - TS2,Off,Off,Off,Off,Normal Encryption,Off,Off,Off,Off,131.8,1,1,1,DMR - IdF,,,,,,,,On,Off,On,4
18,TS1 - F1ZHK - 77,145.76250,145.16250,D-Digital,High,25K,Off,Off,208 - France,Group Call,208,Exemple1,ChannelFree,Carrier,Off,1,1,1,Off,1,1,Rx Group FR TS1,Off,Off,Off,Off,Normal Encryption,Off,Off,Off,Off,131.8,1,1,1,DMR - IdF,,,,,,,,On,Off,Off,4
19,TS2 - F1ZHK - 77,145.76250,145.16250,D-Digital,High,25K,Off,Off,9 - Local,Group Call,9,Exemple1,ChannelFree,Carrier,Off,1,1,1,Off,1,2,Rx Group FR TS2,Off,Off,Off,Off,Normal Encryption,Off,Off,Off,Off,131.8,1,1,1,DMR - IdF,,,,,,,,On,Off,On,4
20,TS1 - F1ZJU - 77,430.56250,439.96250,D-Digital,High,25K,Off,Off,208 - France,Group Call,208,Exemple1,ChannelFree,Carrier,Off,1,1,1,Off,1,1,Rx Group FR TS1,Off,Off,Off,Off,Normal Encryption,Off,Off,Off,Off,131.8,1,1,1,DMR - IdF,,,,,,,,On,Off,Off,4
21,TS2 - F1ZJU - 77,430.56250,439.96250,D-Digital,High,25K,Off,Off,9 - Local,Group Call,9,Exemple1,ChannelFree,Carrier,Off,1,1,1,Off,1,2,Rx Group FR TS2,Off,Off,Off,Off,Normal Encryption,Off,Off,Off,Off,131.8,1,1,1,DMR - IdF,,,,,,,,On,Off,On,6
25,A 01 - 446.00625,446.00625,446.00625,A-Analog,Turbo,12.5K,Off,Off,Simplex,Group Call,99,Exemple1,Off,Carrier,Off,1,1,1,Start,1,1,Simplex TG-99,Off,Off,Off,Off,Normal Encryption,Off,Off,Off,Off,251.1,1,1,1,PMR & DMR - 446,,,,,,,,Off,Off,Off,1
26,A 02 - 446.01875,446.01875,446.01875,A-Analog,Turbo,12.5K,Off,Off,Simplex,Group Call,99,Exemple1,Off,Carrier,Off,1,1,1,Off,1,1,None,Off,Off,Off,Off,Normal Encryption,Off,Off,Off,Off,251.1,1,1,1,PMR & DMR - 446,,,,,,,,Off,Off,Off,1
27,A 03 - 446.03125,446.03125,446.03125,A-Analog,Turbo,12.5K,Off,Off,Simplex,Group Call,99,Exemple1,Off,Carrier,Off,1,1,1,Off,1,1,Simplex TG-99,Off,Off,Off,Off,Normal Encryption,Off,Off,Off,Off,251.1,1,1,1,PMR & DMR - 446,,,,,,,,Off,Off,Off,1
28,A 04 - 446.04375,446.04375,446.04375,A-Analog,Turbo,12.5K,Off,Off,Simplex,Group Call,99,Exemple1,Off,Carrier,Off,1,1,1,Off,1,1,Simplex TG-99,Off,Off,Off,Off,Normal Encryption,Off,Off,Off,Off,251.1,1,1,1,PMR & DMR - 446,,,,,,,,Off,Off,Off,1
29,A 05 - 446.05625,446.05625,446.05625,A-Analog,Turbo,12.5K,Off,Off,Simplex,Group Call,99,Exemple1,Off,Carrier,Off,1,1,1,Off,1,1,Simplex TG-99,Off,Off,Off,Off,Normal Encryption,Off,Off,Off,Off,251.1,1,1,1,PMR & DMR - 446,,,,,,,,Off,Off,Off,1
30,A 06 - 446.06875,446.06875,446.06875,A-Analog,Turbo,12.5K,Off,Off,Simplex,Group Call,99,Exemple1,Off,Carrier,Off,1,1,1,Off,1,1,Simplex TG-99,Off,Off,Off,Off,Normal Encryption,Off,Off,Off,Off,251.1,1,1,1,PMR & DMR - 446,,,,,,,,Off,Off,Off,1
31,A 07 - 446.08125,446.08125,446.08125,A-Analog,Turbo,12.5K,Off,Off,Simplex,Group Call,99,Exemple1,Off,Carrier,Off,1,1,1,Off,1,1,Simplex TG-99,Off,Off,Off,Off,Normal Encryption,Off,Off,Off,Off,251.1,1,1,1,PMR & DMR - 446,,,,,,,,Off,Off,Off,1
32,A 08 - 446.09375,446.09375,446.09375,A-Analog,Turbo,12.5K,Off,Off,Simplex,Group Call,99,Exemple1,Off,Carrier,Off,1,1,1,Off,1,1,Simplex TG-99,Off,Off,Off,Off,Normal Encryption,Off,Off,Off,Off,251.1,1,1,1,PMR & DMR - 446,,,,,,,,Off,Off,Off,1
33,A 09 - 446.10625,446.10625,446.10625,A-Analog,Turbo,12.5K,Off,Off,Simplex,Group Call,99,,Off,Carrier,Off,1,1,1,Off,1,1,Simplex TG-99,Off,Off,Off,Off,Normal Encryption,Off,Off,Off,Off,251.1,1,1,1,PMR & DMR - 446,,,,,,,,Off,Off,Off,1
34,A 10 - 446.11875,446.11875,446.11875,A-Analog,Turbo,12.5K,Off,Off,Simplex,Group Call,99,,Off,Carrier,Off,1,1,1,Off,1,1,Simplex TG-99,Off,Off,Off,Off,Normal Encryption,Off,Off,Off,Off,251.1,1,1,1,PMR & DMR - 446,,,,,,,,Off,Off,Off,1
35,A 11 - 446.13125,446.13125,446.13125,A-Analog,Low,12.5K,Off,Off,Simplex,Group Call,99,,Off,Carrier,Off,1,1,1,Off,1,1,Simplex TG-99,Off,Off,Off,Off,Normal Encryption,Off,Off,Off,Off,251.1,1,1,1,PMR & DMR - 446,,,,,,,,Off,Off,Off,1
36,A 12 - 446.14375,446.14375,446.14375,A-Analog,Turbo,12.5K,Off,Off,Simplex,Group Call,99,,Off,Carrier,Off,1,1,1,Off,1,1,Simplex TG-99,Off,Off,Off,Off,Normal Encryption,Off,Off,Off,Off,251.1,1,1,1,PMR & DMR - 446,,,,,,,,Off,Off,Off,1
37,A 13 - 446.15625,446.15625,446.15625,A-Analog,Turbo,12.5K,Off,Off,Simplex,Group Call,99,,Off,Carrier,Off,1,1,1,Off,1,1,Simplex TG-99,Off,Off,Off,Off,Normal Encryption,Off,Off,Off,Off,251.1,1,1,1,PMR & DMR - 446,,,,,,,,Off,Off,Off,1
38,A 14 - 446.16875,446.16875,446.16875,A-Analog,Turbo,12.5K,Off,Off,Simplex,Group Call,99,,Off,Carrier,Off,1,1,1,Off,1,1,Simplex TG-99,Off,Off,Off,Off,Normal Encryption,Off,Off,Off,Off,251.1,1,1,1,PMR & DMR - 446,,,,,,,,Off,Off,Off,1
39,A 15 - 446.18125,446.18125,446.18125,D-Digital,Turbo,12.5K,Off,Off,Simplex,Group Call,99,,Always,Carrier,Off,1,1,1,Off,1,1,Simplex TG-99,Off,Off,Off,Off,Normal Encryption,Off,Off,Off,Off,251.1,1,1,1,PMR & DMR - 446,,,,,,,,Off,Off,Off,1
40,A 16 - 446.19375,446.19375,446.19375,D-Digital,Turbo,12.5K,Off,Off,Simplex,Group Call,99,,Always,Carrier,Off,1,1,1,Off,1,1,Simplex TG-99,Off,Off,On,Off,Normal Encryption,Off,Off,Off,Off,251.1,1,1,1,PMR & DMR - 446,,,,,,,,Off,On,Off,1
41,S1 DMR 433.600,433.60000,433.60000,D-Digital,High,12.5K,Off,Off,Simplex,Group Call,99,Exemple1,ChannelFree,Carrier,Off,1,1,1,Off,1,1,Simplex TG-99,Off,Off,Off,Off,Normal Encryption,Off,On,Off,Off,251.1,1,1,1,SIMPLEX DMR,,,,,,,,Off,Off,Off,1
42,S2 DMR 433.625,433.62500,433.62500,D-Digital,High,12.5K,Off,Off,Simplex,Group Call,99,Exemple1,ChannelFree,Carrier,Off,1,1,1,Off,1,1,Simplex TG-99,Off,Off,Off,Off,Normal Encryption,Off,Off,Off,Off,251.1,1,1,1,SIMPLEX DMR,,,,,,,,Off,Off,Off,1
43,S3 DMR 433.650,433.65000,433.65000,D-Digital,High,12.5K,Off,Off,Simplex,Group Call,99,Exemple1,ChannelFree,Carrier,Off,1,1,1,Off,1,1,Simplex TG-99,Off,Off,Off,Off,Normal Encryption,Off,Off,Off,Off,251.1,1,1,1,SIMPLEX DMR,,,,,,,,Off,Off,Off,1
44,S4 DMR 433.675,433.67500,433.67500,D-Digital,High,12.5K,Off,Off,Simplex,Group Call,99,Exemple1,ChannelFree,Carrier,Off,1,1,1,Off,1,1,Simplex TG-99,Off,Off,Off,Off,Normal Encryption,Off,Off,Off,Off,251.1,1,1,1,SIMPLEX DMR,,,,,,,,Off,Off,Off,1
45,S5 DMR 433.700,433.70000,433.70000,D-Digital,High,12.5K,Off,Off,Simplex,Group Call,99,Exemple1,ChannelFree,Carrier,Off,1,1,1,Off,1,1,Simplex TG-99,Off,Off,Off,Off,Normal Encryption,Off,Off,Off,Off,251.1,1,1,1,SIMPLEX DMR,,,,,,,,Off,Off,Off,1
46,S6 DMR 433.725,433.72500,433.72500,D-Digital,High,12.5K,Off,Off,Simplex,Group Call,99,Exemple1,ChannelFree,Carrier,Off,1,1,1,Off,1,1,Simplex TG-99,Off,Off,Off,Off,Normal Encryption,Off,Off,Off,Off,251.1,1,1,1,SIMPLEX DMR,,,,,,,,Off,Off,Off,1
47,S7 DMR 433.750,433.75000,433.75000,D-Digital,High,12.5K,Off,Off,Simplex,Group Call,99,Exemple1,ChannelFree,Carrier,Off,1,1,1,Off,1,1,Simplex TG-99,Off,Off,Off,Off,Normal Encryption,Off,Off,Off,Off,251.1,1,1,1,SIMPLEX DMR,,,,,,,,Off,Off,Off,1
48,S8 DMR 433.775,433.77500,433.77500,D-Digital,High,12.5K,Off,Off,Simplex,Group Call,99,Exemple1,ChannelFree,Carrier,Off,1,1,1,Off,1,1,Simplex TG-99,Off,Off,Off,Off,Normal Encryption,Off,Off,Off,Off,251.1,1,1,1,SIMPLEX DMR,,,,,,,,Off,Off,Off,1
49,C1 DMR 434.450,434.45000,434.45000,D-Digital,High,12.5K,Off,Off,Simplex,Group Call,99,Exemple1,ChannelFree,Carrier,Off,1,1,1,Off,1,1,Simplex TG-99,Off,Off,Off,Off,Normal Encryption,Off,Off,Off,Off,251.1,1,1,1,SIMPLEX DMR,,,,,,,,Off,Off,Off,1
50,C2 DMR 434.475,434.47500,434.47500,D-Digital,High,12.5K,Off,Off,Simplex,Group Call,99,Exemple1,ChannelFree,Carrier,Off,1,1,1,Off,1,1,Simplex TG-99,Off,Off,Off,Off,Normal Encryption,Off,Off,Off,Off,251.1,1,1,1,SIMPLEX DMR,,,,,,,,Off,Off,Off,1
51,433.400,433.40000,433.40000,A-Analog,High,12.5K,Off,Off,Simplex,Group Call,99,Exemple1,Off,Carrier,Off,1,1,1,Off,1,1,Simplex TG-99,Off,Off,Off,Off,Normal Encryption,Off,Off,Off,Off,251.1,1,1,1,SIMPLEX VHF-UHF,,,,,,,,Off,Off,Off,1
52,433.425,433.42500,433.42500,A-Analog,High,12.5K,Off,Off,Simplex,Group Call,99,Exemple1,Off,Carrier,Off,1,1,1,Off,1,1,Simplex TG-99,Off,Off,Off,Off,Normal Encryption,Off,Off,Off,Off,251.1,1,1,1,SIMPLEX VHF-UHF,,,,,,,,Off,Off,Off,1
53,433.450,433.45000,433.45000,A-Analog,High,12.5K,Off,Off,Simplex,Group Call,99,Exemple1,Off,Carrier,Off,1,1,1,Off,1,1,Simplex TG-99,Off,Off,Off,Off,Normal Encryption,Off,Off,Off,Off,251.1,1,1,1,SIMPLEX VHF-UHF,,,,,,,,Off,Off,Off,1
54,433.475,433.47500,433.47500,A-Analog,High,12.5K,Off,Off,Simplex,Group Call,99,Exemple1,Off,Carrier,Off,1,1,1,Off,1,1,Simplex TG-99,Off,Off,Off,Off,Normal Encryption,Off,Off,Off,Off,251.1,1,1,1,SIMPLEX VHF-UHF,,,,,,,,Off,Off,Off,1
55,UHF - Appel FM,433.50000,433.50000,A-Analog,High,12.5K,Off,Off,Simplex,Group Call,99,Exemple1,Off,Carrier,Off,1,1,1,Off,1,1,Simplex TG-99,Off,Off,Off,Off,Normal Encryption,Off,Off,Off,Off,251.1,1,1,1,SIMPLEX VHF-UHF,,,,,,,,Off,Off,Off,1
56,433.525,433.52500,433.52500,A-Analog,High,12.5K,Off,Off,Simplex,Group Call,99,Exemple1,Off,Carrier,Off,1,1,1,Off,1,1,Simplex TG-99,Off,Off,Off,Off,Normal Encryption,Off,Off,Off,Off,251.1,1,1,1,SIMPLEX VHF-UHF,,,,,,,,Off,Off,Off,1
57,433.550,433.55000,433.55000,A-Analog,High,12.5K,Off,Off,Simplex,Group Call,99,Exemple1,Off,Carrier,Off,1,1,1,Off,1,1,Simplex TG-99,Off,Off,Off,Off,Normal Encryption,Off,Off,Off,Off,251.1,1,1,1,SIMPLEX VHF-UHF,,,,,,,,Off,Off,Off,1
58,433.575,433.57500,433.57500,A-Analog,High,12.5K,Off,Off,Simplex,Group Call,99,Exemple1,Off,Carrier,Off,1,1,1,Off,1,1,Simplex TG-99,Off,Off,Off,Off,Normal Encryption,Off,Off,Off,Off,251.1,1,1,1,SIMPLEX VHF-UHF,,,,,,,,Off,Off,Off,1
59,ADRASEC 75,430.16250,439.56250,A-Analog,High,12.5K,Off,74.4,Simplex,Group Call,99,Exemple1,Off,Carrier,Off,1,1,1,Off,1,1,None,Off,Off,Off,Off,Normal Encryption,Off,Off,Off,Off,251.1,1,1,1,URGENCES,,,,,,,,Off,Off,Off,1
60,ADRASEC 91,432.52500,432.52500,A-Analog,High,12.5K,Off,Off,Simplex,Group Call,99,Exemple1,Busy,Carrier,Off,1,1,1,Off,1,1,None,Off,Off,Off,Off,Normal Encryption,Off,Off,Off,Off,251.1,1,1,1,URGENCES,,,,,,,,Off,Off,Off,1
61,ADRASEC 92,430.31250,439.71250,A-Analog,High,12.5K,Off,74.4,Simplex,Group Call,99,Exemple1,Off,Carrier,Off,1,1,1,Off,1,1,None,Off,Off,Off,Off,Normal Encryption,Off,Off,Off,Off,251.1,1,1,1,URGENCES,,,,,,,,Off,Off,Off,1
62,ADRASEC 94,430.32500,439.72500,A-Analog,High,12.5K,Off,74.4,Simplex,Group Call,99,Exemple1,Repeater,Carrier,Off,1,1,1,Off,1,1,None,Off,Off,Off,Off,Normal Encryption,Off,Off,Off,Off,251.1,1,1,1,URGENCES,,,,,,,,Off,Off,Off,1
63,SOS MEDECIN,464.17500,464.17500,A-Analog,High,12.5K,Off,Off,Simplex,Group Call,99,Exemple1,Busy,Carrier,Off,1,1,1,Off,1,1,None,Off,Off,Off,Off,Normal Encryption,Off,Off,Off,Off,251.1,1,1,1,URGENCES,,,,,,,,Off,Off,Off,1
64,Urgence 70 cm,432.53750,432.53750,A-Analog,High,12.5K,Off,Off,Simplex,Group Call,99,Exemple1,Busy,Carrier,Off,1,1,1,Off,1,1,None,Off,Off,Off,Off,Normal Encryption,Off,Off,Off,Off,251.1,1,1,1,URGENCES,,,,,,,,Off,Off,Off,1
65,SOS E,161.30000,161.30000,A-Analog,Turbo,12.5K,Off,123.0,Simplex,Group Call,99,Exemple1,Busy,Carrier,Off,1,1,1,Off,1,1,None,Off,Off,Off,Off,Normal Encryption,Off,Off,Off,Off,251.1,1,1,1,URGENCES,,,,,,,,Off,Off,Off,1
66,SOS Vol Libre,143.98750,143.98750,A-Analog,High,12.5K,Off,Off,Simplex,Group Call,99,Exemple1,Busy,Carrier,Off,1,1,1,Off,1,1,None,Off,Off,Off,Off,Normal Encryption,Off,Off,Off,Off,251.1,1,1,1,URGENCES,,,,,,,,Off,Off,Off,1
67,Appel-Urgence 2m,145.50000,145.50000,A-Analog,High,12.5K,Off,Off,Simplex,Group Call,99,Exemple1,Busy,Carrier,Off,1,1,1,Off,1,1,None,Off,Off,Off,Off,Normal Encryption,Off,Off,Off,Off,251.1,1,1,1,URGENCES,,,,,,,,Off,Off,Off,1
68,SOS B,163.02500,163.02500,A-Analog,High,12.5K,Off,Off,Simplex,Group Call,99,Exemple1,Busy,Carrier,Off,1,1,1,Off,1,1,None,Off,Off,Off,Off,Normal Encryption,Off,Off,Off,Off,251.1,1,1,1,URGENCES,,,,,,,,Off,Off,Off,1
69,SOS A,163.10000,163.10000,A-Analog,High,12.5K,Off,Off,Simplex,Group Call,99,Exemple1,Busy,Carrier,Off,1,1,1,Off,1,1,None,Off,Off,Off,Off,Normal Encryption,Off,Off,Off,Off,251.1,1,1,1,URGENCES,,,,,,,,Off,Off,Off,1
70,SOS C,163.17500,163.17500,A-Analog,High,12.5K,Off,Off,Simplex,Group Call,99,Exemple1,Busy,Carrier,Off,1,1,1,Off,1,1,None,Off,Off,Off,Off,Normal Encryption,Off,Off,Off,Off,251.1,1,1,1,URGENCES,,,,,,,,Off,Off,Off,1
71,SOS RA-U,432.53750,432.53750,A-Analog,High,12.5K,Off,Off,Simplex,Group Call,99,Exemple1,Busy,Carrier,Off,1,1,1,Off,1,1,None,Off,Off,Off,Off,Normal Encryption,Off,Off,Off,Off,251.1,1,1,1,URGENCES,,,,,,,,Off,Off,Off,1
72,POCSAG,439.98750,439.98750,A-Analog,High,12.5K,Off,Off,Simplex,Group Call,99,Exemple1,Busy,Carrier,Off,1,1,1,Off,1,1,None,Off,Off,Off,Off,Normal Encryption,Off,Off,Off,Off,251.1,1,1,1,URGENCES,,,,,,,,Off,Off,Off,1
73,SOS UB,463.02500,463.02500,A-Analog,High,12.5K,Off,Off,Simplex,Group Call,99,Exemple1,Busy,Carrier,Off,1,1,1,Off,1,1,None,Off,Off,Off,Off,Normal Encryption,Off,Off,Off,Off,251.1,1,1,1,URGENCES,,,,,,,,Off,Off,Off,1
74,SOS UA,463.10000,463.10000,A-Analog,High,12.5K,Off,Off,Simplex,Group Call,99,Exemple1,Busy,Carrier,Off,1,1,1,Off,1,1,None,Off,Off,Off,Off,Normal Encryption,Off,Off,Off,Off,251.1,1,1,1,URGENCES,,,,,,,,Off,Off,Off,1
75,SOS UC,463.17500,463.17500,A-Analog,High,12.5K,Off,Off,Simplex,Group Call,99,Exemple1,Busy,Carrier,Off,1,1,1,Off,1,1,None,Off,Off,Off,Off,Normal Encryption,Off,Off,Off,Off,251.1,1,1,1,URGENCES,,,,,,,,Off,Off,Off,1
76,SOS ASN,156.52500,156.52500,A-Analog,High,12.5K,Off,Off,Simplex,Group Call,99,Exemple1,Busy,Carrier,Off,1,1,1,Off,1,1,None,Off,Off,Off,Off,Normal Encryption,Off,Off,Off,Off,251.1,1,1,1,URGENCES,,,,,,,,Off,Off,Off,1
77,SOS MARINE,156.80000,156.80000,A-Analog,High,12.5K,Off,Off,Simplex,Group Call,99,Exemple1,Busy,Carrier,Off,1,1,1,Off,1,1,None,Off,Off,Off,Off,Normal Encryption,Off,Off,Off,Off,251.1,1,1,1,URGENCES,,,,,,,,Off,Off,Off,1
78,SOS CANAL K,158.62500,158.62500,A-Analog,High,12.5K,Off,Off,Simplex,Group Call,99,Exemple1,Busy,Carrier,Off,1,1,1,Off,1,1,None,Off,Off,Off,Off,Normal Encryption,Off,Off,Off,Off,251.1,1,1,1,URGENCES,,,,,,,,Off,Off,Off,1
79,AIS-1,161.97500,161.97500,A-Analog,High,12.5K,Off,Off,Simplex,Group Call,99,Exemple1,Busy,Carrier,Off,1,1,1,Off,1,1,None,Off,Off,Off,Off,Normal Encryption,Off,Off,Off,Off,251.1,1,1,1,URGENCES,,,,,,,,Off,Off,Off,1
80,AIS-2,162.02500,162.02500,A-Analog,High,12.5K,Off,Off,Simplex,Group Call,99,Exemple1,Busy,Carrier,Off,1,1,1,Off,1,1,None,Off,Off,Off,Off,Normal Encryption,Off,Off,Off,Off,251.1,1,1,1,URGENCES,,,,,,,,Off,Off,Off,1
81,Private SL1-CC02,446.19375,446.19375,D-Digital,High,12.5K,Off,Off,Simplex,Group Call,99,,Always,Carrier,Off,1,1,1,Off,2,1,Simplex TG-99,Off,Off,Off,Off,Normal Encryption,Off,Off,Off,Off,251.1,1,1,1,,,,,,,,,Off,Off,Off,1
82,Private SL2-CC07,447.00000,447.00000,D-Digital,High,12.5K,Off,Off,Simplex,Group Call,99,,Always,Carrier,Off,1,1,1,Off,7,2,Simplex TG-99,Off,Off,Off,Off,Normal Encryption,Off,Off,Off,Off,251.1,1,1,1,,,,,,,,,Off,Off,Off,1
83,Private SL2-CC15,446.00000,446.00000,D-Digital,High,12.5K,Off,Off,Simplex,Group Call,99,,Always,Carrier,Off,1,1,1,Off,15,2,Simplex TG-99,Off,Off,Off,Off,Normal Encryption,Off,Off,Off,Off,251.1,1,1,1,,,,,,,,,Off,Off,Off,1
88,F5ZAD Clamart,145.60000,145.00000,A-Analog,High,12.5K,Off,Off,Simplex,Group Call,99,Exemple1,Off,Carrier,Off,1,1,1,Off,1,1,None,Off,Off,Off,Off,Normal Encryption,Off,Off,Off,Off,251.1,1,1,1,VHF & UHF - IdF,,,,,,,,Off,Off,Off,1
89,F6ZHF Clamart,430.12500,439.52500,A-Analog,High,25K,Off,Off,9 - Local,Group Call,9,Exemple1,Off,Carrier,Off,1,1,1,Off,7,2,Rx Group FR TS2,Off,Off,Off,On,Normal Encryption,Off,Off,Off,Off,131.8,1,1,1,VHF & UHF - IdF,,,,,,,,Off,Off,Off,1
90,F1ZEI -Les Lilas,430.10000,439.50000,A-Analog,High,12.5K,Off,123.0,284 - Bulgarie,Group Call,284,Exemple1,Off,Carrier,Off,1,1,1,Off,1,2,None,Off,Off,Off,Off,Normal Encryption,Off,Off,Off,Off,251.1,1,1,1,VHF & UHF - IdF,,,,,,,,Off,Off,Off,1
91,F1ZJC Colombes,430.37500,439.77500,A-Analog,High,25K,Off,123.0,9 - Local,Group Call,9,Exemple1,Off,Carrier,Off,1,1,1,Off,7,2,Rx Group FR TS2,Off,Off,Off,On,Normal Encryption,Off,Off,Off,Off,131.8,1,1,1,VHF & UHF - IdF,,,,,,,,Off,Off,Off,1
92,F5ZNN Coulommier,145.65000,145.05000,A-Analog,High,12.5K,Off,77.0,9 - Local,Group Call,9,Exemple1,Off,Carrier,Off,1,1,1,Off,1,2,Rx Group FR TS2,Off,Off,Off,Off,Normal Encryption,Off,Off,Off,Off,251.1,1,1,1,,,,,,,,,Off,Off,Off,1
93,F5KTR - RRF,145.26250,145.26250,A-Analog,High,12.5K,Off,100.0,9 - Local,Group Call,9,Exemple1,Off,Carrier,DTMF,3,1,1,Off,1,2,Rx Group FR TS2,Off,Off,Off,Off,Normal Encryption,Off,Off,Off,Off,251.1,1,1,1,VHF & UHF - IdF,,,,,,,,Off,Off,Off,1
94,F5ZMH Linas,145.73750,145.13750,A-Analog,High,12.5K,Off,82.5,9 - Local,Group Call,9,Exemple1,Off,Carrier,Off,1,1,1,Off,1,2,Rx Group FR TS2,Off,Off,Off,Off,Normal Encryption,Off,Off,Off,Off,251.1,1,1,1,,,,,,,,,Off,Off,Off,1
95,F5ZEQ Sartrouvil,145.75000,145.15000,A-Analog,High,12.5K,Off,Off,9 - Local,Group Call,9,Exemple1,Off,Carrier,DTMF,1,1,1,Off,1,2,Rx Group FR TS2,Off,Off,Off,Off,Normal Encryption,Off,Off,Off,Off,251.1,1,1,1,,,,,,,,,Off,Off,Off,1
96,F1ZIV St Genevie,145.77500,145.17500,A-Analog,High,12.5K,Off,Off,9 - Local,Group Call,9,Exemple1,Off,Carrier,DTMF,1,1,1,Off,1,2,Rx Group FR TS2,Off,Off,Off,Off,Normal Encryption,Off,Off,Off,Off,251.1,1,1,1,FAVORIS,,,,,,,,Off,Off,Off,1
97,F1ZHK Nangis,145.76250,146.36250,A-Analog,High,12.5K,Off,77.0,9 - Local,Group Call,9,Exemple1,Off,Carrier,Off,1,1,1,Off,1,2,Rx Group FR TS2,Off,Off,Off,Off,Normal Encryption,Off,Off,Off,Off,251.1,1,1,1,,,,,,,,,Off,Off,Off,1
98,R0,145.60000,145.00000,A-Analog,High,12.5K,Off,Off,9 - Local,Group Call,9,Exemple1,Off,Carrier,Off,1,1,1,Off,1,2,Rx Group FR TS2,Off,Off,Off,Off,Normal Encryption,Off,Off,Off,Off,251.1,1,1,1,RELAIS VHF FR,,,,,,,,Off,Off,Off,1
99,R0X,145.61250,145.01250,A-Analog,High,12.5K,Off,Off,9 - Local,Group Call,9,Exemple1,Off,Carrier,Off,1,1,1,Off,1,2,Rx Group FR TS2,Off,Off,Off,Off,Normal Encryption,Off,Off,Off,Off,251.1,1,1,1,RELAIS VHF FR,,,,,,,,Off,Off,Off,1
100,R1,145.62500,145.02500,A-Analog,High,12.5K,Off,Off,9 - Local,Group Call,9,Exemple1,Off,Carrier,Off,1,1,1,Off,1,2,Rx Group FR TS2,Off,Off,Off,Off,Normal Encryption,Off,Off,Off,Off,251.1,1,1,1,RELAIS VHF FR,,,,,,,,Off,Off,Off,1
101,R1X,145.63750,145.03750,A-Analog,High,12.5K,Off,Off,9 - Local,Group Call,9,Exemple1,Off,Carrier,Off,1,1,1,Off,1,2,Rx Group FR TS2,Off,Off,Off,Off,Normal Encryption,Off,Off,Off,Off,251.1,1,1,1,RELAIS VHF FR,,,,,,,,Off,Off,Off,1
102,R2,145.65000,145.05000,A-Analog,High,12.5K,Off,Off,9 - Local,Group Call,9,Exemple1,Off,Carrier,Off,1,1,1,Off,1,2,Rx Group FR TS2,Off,Off,Off,Off,Normal Encryption,Off,Off,Off,Off,251.1,1,1,1,RELAIS VHF FR,,,,,,,,Off,Off,Off,1
103,R2X,145.66250,145.06250,A-Analog,High,12.5K,Off,Off,9 - Local,Group Call,9,Exemple1,Off,Carrier,Off,1,1,1,Off,1,2,Rx Group FR TS2,Off,Off,Off,Off,Normal Encryption,Off,Off,Off,Off,251.1,1,1,1,RELAIS VHF FR,,,,,,,,Off,Off,Off,1
104,R3,145.67500,145.07500,A-Analog,High,12.5K,Off,Off,9 - Local,Group Call,9,Exemple1,Off,Carrier,Off,1,1,1,Off,1,2,Rx Group FR TS2,Off,Off,Off,Off,Normal Encryption,Off,Off,Off,Off,251.1,1,1,1,RELAIS VHF FR,,,,,,,,Off,Off,Off,1
105,R3X,145.68750,145.08750,A-Analog,High,12.5K,Off,Off,9 - Local,Group Call,9,Exemple1,Off,Carrier,Off,1,1,1,Off,1,2,Rx Group FR TS2,Off,Off,Off,Off,Normal Encryption,Off,Off,Off,Off,251.1,1,1,1,RELAIS VHF FR,,,,,,,,Off,Off,Off,1
106,R4,145.70000,145.10000,A-Analog,High,12.5K,Off,Off,9 - Local,Group Call,9,Exemple1,Off,Carrier,Off,1,1,1,Off,1,2,Rx Group FR TS2,Off,Off,Off,Off,Normal Encryption,Off,Off,Off,Off,251.1,1,1,1,RELAIS VHF FR,,,,,,,,Off,Off,Off,1
107,R4X,145.71250,145.11250,A-Analog,High,12.5K,Off,Off,9 - Local,Group Call,9,Exemple1,Off,Carrier,Off,1,1,1,Off,1,2,Rx Group FR TS2,Off,Off,Off,Off,Normal Encryption,Off,Off,Off,Off,251.1,1,1,1,RELAIS VHF FR,,,,,,,,Off,Off,Off,1
108,R5,145.72500,145.12500,A-Analog,High,12.5K,Off,Off,9 - Local,Group Call,9,Exemple1,Off,Carrier,Off,1,1,1,Off,1,2,Rx Group FR TS2,Off,Off,Off,Off,Normal Encryption,Off,Off,Off,Off,251.1,1,1,1,RELAIS VHF FR,,,,,,,,Off,Off,Off,1
109,R5X,145.73750,145.13750,A-Analog,High,12.5K,Off,Off,9 - Local,Group Call,9,Exemple1,Off,Carrier,Off,1,1,1,Off,1,2,Rx Group FR TS2,Off,Off,Off,Off,Normal Encryption,Off,Off,Off,Off,251.1,1,1,1,RELAIS VHF FR,,,,,,,,Off,Off,Off,1
110,R6,145.75000,145.15000,A-Analog,High,12.5K,Off,Off,9 - Local,Group Call,9,Exemple1,Off,Carrier,Off,1,1,1,Off,1,2,Rx Group FR TS2,Off,Off,Off,Off,Normal Encryption,Off,Off,Off,Off,251.1,1,1,1,RELAIS VHF FR,,,,,,,,Off,Off,Off,1
111,R6X,145.76250,145.16250,A-Analog,High,12.5K,Off,Off,9 - Local,Group Call,9,Exemple1,Off,Carrier,Off,1,1,1,Off,1,2,Rx Group FR TS2,Off,Off,Off,Off,Normal Encryption,Off,Off,Off,Off,251.1,1,1,1,RELAIS VHF FR,,,,,,,,Off,Off,Off,1
112,R7,145.77500,145.17500,A-Analog,High,12.5K,Off,Off,9 - Local,Group Call,9,Exemple1,Off,Carrier,Off,1,1,1,Off,1,2,Rx Group FR TS2,Off,Off,Off,Off,Normal Encryption,Off,Off,Off,Off,251.1,1,1,1,RELAIS VHF FR,,,,,,,,Off,Off,Off,1
113,R7X,145.78750,145.18750,A-Analog,High,12.5K,Off,Off,9 - Local,Group Call,9,Exemple1,Off,Carrier,Off,1,1,1,Off,1,2,Rx Group FR TS2,Off,Off,Off,Off,Normal Encryption,Off,Off,Off,Off,251.1,1,1,1,RELAIS VHF FR,,,,,,,,Off,Off,Off,1
114,S8,145.20000,145.20000,A-Analog,High,12.5K,Off,Off,9 - Local,Group Call,9,Exemple1,Busy,Carrier,Off,1,1,1,Off,1,2,Rx Group FR TS2,Off,Off,Off,Off,Normal Encryption,Off,Off,Off,Off,251.1,1,1,1,SIMPLEX VHF-UHF,,,,,,,,Off,Off,Off,1
115,S8X,145.21250,145.21250,A-Analog,High,12.5K,Off,Off,9 - Local,Group Call,9,Exemple1,Busy,Carrier,Off,1,1,1,Off,1,2,Rx Group FR TS2,Off,Off,Off,Off,Normal Encryption,Off,Off,Off,Off,251.1,1,1,1,SIMPLEX VHF-UHF,,,,,,,,Off,Off,Off,1
116,S9,145.22500,145.22500,A-Analog,High,12.5K,Off,Off,9 - Local,Group Call,9,Exemple1,Busy,Carrier,Off,1,1,1,Off,1,2,Rx Group FR TS2,Off,Off,Off,Off,Normal Encryption,Off,Off,Off,Off,251.1,1,1,1,SIMPLEX VHF-UHF,,,,,,,,Off,Off,Off,1
117,S9X,145.23750,145.23750,A-Analog,High,12.5K,Off,Off,9 - Local,Group Call,9,Exemple1,Busy,Carrier,Off,1,1,1,Off,1,2,Rx Group FR TS2,Off,Off,Off,Off,Normal Encryption,Off,Off,Off,Off,251.1,1,1,1,SIMPLEX VHF-UHF,,,,,,,,Off,Off,Off,1
118,S10,145.25000,145.25000,A-Analog,High,12.5K,Off,Off,9 - Local,Group Call,9,Exemple1,Busy,Carrier,Off,1,1,1,Off,1,2,Rx Group FR TS2,Off,Off,Off,Off,Normal Encryption,Off,Off,Off,Off,251.1,1,1,1,SIMPLEX VHF-UHF,,,,,,,,Off,Off,Off,1
119,S10X,145.26250,145.26250,A-Analog,High,12.5K,Off,Off,9 - Local,Group Call,9,Exemple1,Busy,Carrier,Off,1,1,1,Off,1,2,Rx Group FR TS2,Off,Off,Off,Off,Normal Encryption,Off,Off,Off,Off,251.1,1,1,1,SIMPLEX VHF-UHF,,,,,,,,Off,Off,Off,1
120,S11,145.27500,145.27500,A-Analog,High,12.5K,Off,Off,9 - Local,Group Call,9,Exemple1,Busy,Carrier,Off,1,1,1,Off,1,2,Rx Group FR TS2,Off,Off,Off,Off,Normal Encryption,Off,Off,Off,Off,251.1,1,1,1,SIMPLEX VHF-UHF,,,,,,,,Off,Off,Off,1
121,S11X,145.28750,145.28750,A-Analog,High,12.5K,Off,Off,9 - Local,Group Call,9,Exemple1,Busy,Carrier,Off,1,1,1,Off,1,2,Rx Group FR TS2,Off,Off,Off,Off,Normal Encryption,Off,Off,Off,Off,251.1,1,1,1,SIMPLEX VHF-UHF,,,,,,,,Off,Off,Off,1
122,S12,145.30000,145.30000,A-Analog,High,12.5K,Off,Off,9 - Local,Group Call,9,Exemple1,Busy,Carrier,Off,1,1,1,Off,1,2,Rx Group FR TS2,Off,Off,Off,Off,Normal Encryption,Off,Off,Off,Off,251.1,1,1,1,SIMPLEX VHF-UHF,,,,,,,,Off,Off,Off,1
123,S12X,145.31250,145.31250,A-Analog,High,12.5K,Off,Off,9 - Local,Group Call,9,Exemple1,Busy,Carrier,Off,1,1,1,Off,1,2,Rx Group FR TS2,Off,Off,Off,Off,Normal Encryption,Off,Off,Off,Off,251.1,1,1,1,SIMPLEX VHF-UHF,,,,,,,,Off,Off,Off,1
124,S13,145.32500,145.32500,A-Analog,High,12.5K,Off,Off,9 - Local,Group Call,9,Exemple1,Busy,Carrier,Off,1,1,1,Off,1,2,Rx Group FR TS2,Off,Off,Off,Off,Normal Encryption,Off,Off,Off,Off,251.1,1,1,1,SIMPLEX VHF-UHF,,,,,,,,Off,Off,Off,1
125,S13X,145.33750,145.33750,A-Analog,High,12.5K,Off,Off,9 - Local,Group Call,9,Exemple1,Busy,Carrier,Off,1,1,1,Off,1,2,Rx Group FR TS2,Off,Off,Off,Off,Normal Encryption,Off,Off,Off,Off,251.1,1,1,1,SIMPLEX VHF-UHF,,,,,,,,Off,Off,Off,1
126,S14,145.35000,145.35000,A-Analog,High,12.5K,Off,Off,9 - Local,Group Call,9,Exemple1,Busy,Carrier,Off,1,1,1,Off,1,2,Rx Group FR TS2,Off,Off,Off,Off,Normal Encryption,Off,Off,Off,Off,251.1,1,1,1,SIMPLEX VHF-UHF,,,,,,,,Off,Off,Off,1
127,S14X,145.36250,145.36250,A-Analog,High,12.5K,Off,Off,9 - Local,Group Call,9,Exemple1,Busy,Carrier,Off,1,1,1,Off,1,2,Rx Group FR TS2,Off,Off,Off,Off,Normal Encryption,Off,Off,Off,Off,251.1,1,1,1,SIMPLEX VHF-UHF,,,,,,,,Off,Off,Off,1
128,S15,145.37500,145.37500,A-Analog,High,12.5K,Off,Off,9 - Local,Group Call,9,Exemple1,Busy,Carrier,Off,1,1,1,Off,1,2,Rx Group FR TS2,Off,Off,Off,Off,Normal Encryption,Off,Off,Off,Off,251.1,1,1,1,SIMPLEX VHF-UHF,,,,,,,,Off,Off,Off,1
129,S15X,145.38750,145.38750,A-Analog,High,12.5K,Off,Off,9 - Local,Group Call,9,Exemple1,Busy,Carrier,Off,1,1,1,Off,1,2,Rx Group FR TS2,Off,Off,Off,Off,Normal Encryption,Off,Off,Off,Off,251.1,1,1,1,SIMPLEX VHF-UHF,,,,,,,,Off,Off,Off,1
130,S16,145.40000,145.40000,A-Analog,High,12.5K,Off,Off,9 - Local,Group Call,9,Exemple1,Busy,Carrier,Off,1,1,1,Off,1,2,Rx Group FR TS2,Off,Off,Off,Off,Normal Encryption,Off,Off,Off,Off,251.1,1,1,1,SIMPLEX VHF-UHF,,,,,,,,Off,Off,Off,1
131,S16X,145.41250,145.41250,A-Analog,High,12.5K,Off,Off,9 - Local,Group Call,9,Exemple1,Busy,Carrier,Off,1,1,1,Off,1,2,Rx Group FR TS2,Off,Off,Off,Off,Normal Encryption,Off,Off,Off,Off,251.1,1,1,1,SIMPLEX VHF-UHF,,,,,,,,Off,Off,Off,1
132,S17,145.42500,145.42500,A-Analog,High,12.5K,Off,Off,9 - Local,Group Call,9,Exemple1,Busy,Carrier,Off,1,1,1,Off,1,2,Rx Group FR TS2,Off,Off,Off,Off,Normal Encryption,Off,Off,Off,Off,251.1,1,1,1,SIMPLEX VHF-UHF,,,,,,,,Off,Off,Off,1
133,S17X,145.43750,145.43750,A-Analog,High,12.5K,Off,Off,9 - Local,Group Call,9,Exemple1,Busy,Carrier,Off,1,1,1,Off,1,2,Rx Group FR TS2,Off,Off,Off,Off,Normal Encryption,Off,Off,Off,Off,251.1,1,1,1,SIMPLEX VHF-UHF,,,,,,,,Off,Off,Off,1
134,S18 RASEC,145.45000,145.45000,A-Analog,High,12.5K,Off,Off,9 - Local,Group Call,9,Exemple1,Busy,Carrier,Off,1,1,1,Off,1,2,Rx Group FR TS2,Off,Off,Off,Off,Normal Encryption,Off,Off,Off,Off,251.1,1,1,1,SIMPLEX VHF-UHF,,,,,,,,Off,Off,Off,1
135,S18X RASEC,145.46250,145.46250,A-Analog,High,12.5K,Off,Off,9 - Local,Group Call,9,Exemple1,Busy,Carrier,Off,1,1,1,Off,1,2,Rx Group FR TS2,Off,Off,Off,Off,Normal Encryption,Off,Off,Off,Off,251.1,1,1,1,SIMPLEX VHF-UHF,,,,,,,,Off,Off,Off,1
136,S19 RASEC,145.47500,145.47500,A-Analog,High,12.5K,Off,Off,9 - Local,Group Call,9,Exemple1,Busy,Carrier,Off,1,1,1,Off,1,2,Rx Group FR TS2,Off,Off,Off,Off,Normal Encryption,Off,Off,Off,Off,251.1,1,1,1,SIMPLEX VHF-UHF,,,,,,,,Off,Off,Off,1
137,S19X,145.48750,145.48750,A-Analog,High,12.5K,Off,Off,9 - Local,Group Call,9,Exemple1,Busy,Carrier,Off,1,1,1,Off,1,2,Rx Group FR TS2,Off,Off,Off,Off,Normal Encryption,Off,Off,Off,Off,251.1,1,1,1,SIMPLEX VHF-UHF,,,,,,,,Off,Off,Off,1
138,S20 Appel FM,145.50000,145.50000,A-Analog,High,12.5K,Off,Off,9 - Local,Group Call,9,Exemple1,Busy,Carrier,Off,1,1,1,Off,1,2,Rx Group FR TS2,Off,Off,Off,Off,Normal Encryption,Off,Off,Off,Off,251.1,1,1,1,SIMPLEX VHF-UHF,,,,,,,,Off,Off,Off,1
139,S20X,145.51250,145.51250,A-Analog,High,12.5K,Off,Off,9 - Local,Group Call,9,Exemple1,Busy,Carrier,Off,1,1,1,Off,1,2,Rx Group FR TS2,Off,Off,Off,Off,Normal Encryption,Off,Off,Off,Off,251.1,1,1,1,SIMPLEX VHF-UHF,,,,,,,,Off,Off,Off,1
140,S21,145.52500,145.52500,A-Analog,High,12.5K,Off,Off,9 - Local,Group Call,9,Exemple1,Busy,Carrier,Off,1,1,1,Off,1,2,Rx Group FR TS2,Off,Off,Off,Off,Normal Encryption,Off,Off,Off,Off,251.1,1,1,1,SIMPLEX VHF-UHF,,,,,,,,Off,Off,Off,1
141,S21X,145.53750,145.53750,A-Analog,High,12.5K,Off,Off,9 - Local,Group Call,9,Exemple1,Busy,Carrier,Off,1,1,1,Off,1,2,Rx Group FR TS2,Off,Off,Off,Off,Normal Encryption,Off,Off,Off,Off,251.1,1,1,1,SIMPLEX VHF-UHF,,,,,,,,Off,Off,Off,1
142,S22,145.55000,145.55000,A-Analog,High,12.5K,Off,Off,9 - Local,Group Call,9,Exemple1,Busy,Carrier,Off,1,1,1,Off,1,2,Rx Group FR TS2,Off,Off,Off,Off,Normal Encryption,Off,Off,Off,Off,251.1,1,1,1,SIMPLEX VHF-UHF,,,,,,,,Off,Off,Off,1
143,S22X,145.56250,145.56250,A-Analog,High,12.5K,Off,Off,9 - Local,Group Call,9,Exemple1,Busy,Carrier,Off,1,1,1,Off,1,2,Rx Group FR TS2,Off,Off,Off,Off,Normal Encryption,Off,Off,Off,Off,251.1,1,1,1,SIMPLEX VHF-UHF,,,,,,,,Off,Off,Off,1
144,S23,145.57500,145.57500,A-Analog,High,12.5K,Off,Off,9 - Local,Group Call,9,Exemple1,Busy,Carrier,Off,1,1,1,Off,1,2,Rx Group FR TS2,Off,Off,Off,Off,Normal Encryption,Off,Off,Off,Off,251.1,1,1,1,SIMPLEX VHF-UHF,,,,,,,,Off,Off,Off,1
145,S23X,145.58750,145.58750,A-Analog,High,12.5K,Off,Off,9 - Local,Group Call,9,Exemple1,Busy,Carrier,Off,1,1,1,Off,1,2,Rx Group FR TS2,Off,Off,Off,Off,Normal Encryption,Off,Off,Off,Off,251.1,1,1,1,SIMPLEX VHF-UHF,,,,,,,,Off,Off,Off,1
148,TS1-Montfermeil,430.58750,439.98750,D-Digital,High,12.5K,Off,Off,208 - France,Group Call,208,Exemple1,ChannelFree,Carrier,Off,1,1,1,Off,1,1,Rx Group FR TS1,Off,Off,Off,Off,Normal Encryption,Off,Off,Off,Off,251.1,1,1,1,DMR - IdF,,,,,,,,Off,Off,Off,1
149,TS2-Montfermeil,430.58750,439.98750,D-Digital,High,12.5K,Off,Off,9 - Local,Group Call,9,Exemple1,ChannelFree,Carrier,Off,1,1,1,Off,1,2,Rx Group FR TS2,Off,Off,Off,Off,Normal Encryption,Off,Off,Off,Off,251.1,1,1,1,DMR - IdF,,,,,,,,Off,Off,Off,1
152,TS1-Auneuil - 60,430.25000,439.65000,D-Digital,High,12.5K,Off,Off,208 - France,Group Call,208,Exemple1,ChannelFree,Carrier,Off,1,1,1,Off,1,1,Rx Group FR TS1,Off,Off,Off,Off,Normal Encryption,Off,Off,Off,Off,251.1,1,1,1,DMR - France,,,,,,,,Off,Off,Off,1
153,TS2-Auneuil - 60,430.25000,439.65000,D-Digital,High,12.5K,Off,Off,9 - Local,Group Call,9,Exemple1,ChannelFree,Carrier,Off,1,1,1,Off,1,2,Rx Group FR TS2,Off,Off,Off,Off,Normal Encryption,Off,Off,Off,Off,251.1,1,1,1,DMR - France,,,,,,,,Off,Off,Off,1
154,TS1-Magnanville,430.27500,439.67500,D-Digital,High,12.5K,Off,Off,208 - France,Group Call,208,Exemple1,ChannelFree,Carrier,Off,1,1,1,Off,1,1,Rx Group FR TS1,Off,Off,Off,Off,Normal Encryption,Off,Off,Off,Off,251.1,1,1,1,DMR - IdF,,,,,,,,Off,Off,Off,1
155,TS2-Magnanville,430.27500,439.67500,D-Digital,High,12.5K,Off,Off,9 - Local,Group Call,9,Exemple1,ChannelFree,Carrier,Off,1,1,1,Off,1,2,Rx Group FR TS2,Off,Off,Off,Off,Normal Encryption,Off,Off,Off,Off,251.1,1,1,1,DMR - IdF,,,,,,,,Off,Off,Off,1
158,TS1-Ville d Bois,430.01250,439.41250,D-Digital,High,12.5K,Off,Off,208 - France,Group Call,208,Exemple1,ChannelFree,Carrier,Off,1,1,1,Off,1,1,Rx Group FR TS1,Off,Off,Off,Off,Normal Encryption,Off,Off,Off,Off,251.1,1,1,1,DMR - IdF,,,,,,,,Off,Off,Off,1
159,TS2-Ville d Bois,430.01250,439.41250,D-Digital,High,12.5K,Off,Off,9 - Local,Group Call,9,Exemple1,ChannelFree,Carrier,Off,1,1,1,Off,1,2,Rx Group FR TS2,Off,Off,Off,Off,Normal Encryption,Off,Off,Off,Off,251.1,1,1,1,DMR - IdF,,,,,,,,Off,Off,Off,1
160,TS1-St Genevieve,430.06250,439.46250,D-Digital,High,12.5K,Off,Off,208 - France,Group Call,208,Exemple1,ChannelFree,Carrier,Off,1,1,1,Off,1,1,Rx Group FR TS1,Off,Off,Off,Off,Normal Encryption,Off,Off,Off,Off,251.1,1,1,1,DMR - IdF,,,,,,,,Off,Off,Off,1
161,TS2-St Genevieve,430.06250,439.46250,D-Digital,High,12.5K,Off,Off,9 - Local,Group Call,9,Exemple1,ChannelFree,Carrier,Off,1,1,1,Off,1,2,Rx Group FR TS2,Off,Off,Off,Off,Normal Encryption,Off,Off,Off,Off,251.1,1,1,1,DMR - IdF,,,,,,,,Off,Off,Off,1
162,TS1-Villebon -91,430.45000,439.85000,D-Digital,High,12.5K,Off,Off,208 - France,Group Call,208,Exemple1,ChannelFree,Carrier,Off,1,1,1,Off,1,1,Rx Group FR TS1,Off,Off,Off,Off,Normal Encryption,Off,Off,Off,Off,251.1,1,1,1,DMR - IdF,,,,,,,,Off,Off,Off,1
163,TS2-Villebon -91,430.45000,439.85000,D-Digital,High,12.5K,Off,Off,9 - Local,Group Call,9,Exemple1,ChannelFree,Carrier,Off,1,1,1,Off,1,2,Rx Group FR TS2,Off,Off,Off,Off,Normal Encryption,Off,Off,Off,Off,251.1,1,1,1,DMR - IdF,,,,,,,,Off,Off,Off,1
164,TS1-La Rochelle,430.40000,439.80000,D-Digital,High,12.5K,Off,Off,208 - France,Group Call,208,Exemple1,ChannelFree,Carrier,Off,1,1,1,Off,1,1,Rx Group FR TS1,Off,Off,Off,Off,Normal Encryption,Off,Off,Off,Off,251.1,1,1,1,DMR - France,,,,,,,,Off,Off,Off,1
165,TS2-La Rochelle,430.40000,439.80000,D-Digital,High,12.5K,Off,Off,9 - Local,Group Call,9,Exemple1,ChannelFree,Carrier,Off,1,1,1,Off,1,2,Rx Group FR TS2,Off,Off,Off,Off,Normal Encryption,Off,Off,Off,Off,251.1,1,1,1,DMR - France,,,,,,,,Off,Off,Off,1
166,TS1-Pic Neulos,439.95000,430.55000,D-Digital,High,12.5K,Off,Off,208 - France,Group Call,208,Exemple1,ChannelFree,Carrier,Off,1,1,1,Off,1,1,Rx Group FR TS1,Off,Off,Off,Off,Normal Encryption,Off,Off,Off,Off,251.1,1,1,1,DMR - France,,,,,,,,Off,Off,Off,1
167,TS2-Pic Neulos,439.95000,430.55000,D-Digital,High,12.5K,Off,Off,9 - Local,Group Call,9,Exemple1,ChannelFree,Carrier,Off,1,1,1,Off,1,2,Rx Group FR TS2,Off,Off,Off,Off,Normal Encryption,Off,Off,Off,Off,251.1,1,1,1,DMR - France,,,,,,,,Off,Off,Off,1
168,TS1-Le Havre,439.80000,430.40000,D-Digital,High,12.5K,Off,Off,208 - France,Group Call,208,Exemple1,ChannelFree,Carrier,Off,1,1,1,Off,1,1,Rx Group FR TS1,Off,Off,Off,Off,Normal Encryption,Off,Off,Off,Off,251.1,1,1,1,DMR - France,,,,,,,,Off,Off,Off,1
169,TS2-Le Havre,439.80000,430.40000,D-Digital,High,12.5K,Off,Off,9 - Local,Group Call,9,Exemple1,ChannelFree,Carrier,Off,1,1,1,Off,1,2,Rx Group FR TS2,Off,Off,Off,Off,Normal Encryption,Off,Off,Off,Off,251.1,1,1,1,DMR - France,,,,,,,,Off,Off,Off,1
170,TS1-LZ0DMR-Sofia,439.10000,431.50000,D-Digital,High,12.5K,Off,Off,937 - Francophon,Group Call,937,Exemple1,ChannelFree,Carrier,Off,1,1,1,Off,1,1,Rx Group BG TS1,Off,Off,Off,Off,Normal Encryption,Off,Off,Off,Off,251.1,1,1,1,DMR - Bulgarie,,,,,,,,Off,Off,Off,1
171,TS2-LZ0DMR-Sofia,439.10000,431.50000,D-Digital,High,12.5K,Off,Off,2842 - Sofia,Group Call,2842,Exemple1,ChannelFree,Carrier,Off,1,1,1,Off,1,2,Rx Group BG TS2,Off,Off,Off,Off,Normal Encryption,Off,Off,Off,Off,251.1,1,1,1,DMR - Bulgarie,,,,,,,,Off,Off,Off,1
172,TS1-LZ0HAM-Botev,439.50000,431.90000,D-Digital,High,12.5K,Off,Off,937 - Francophon,Group Call,937,Exemple1,ChannelFree,Carrier,Off,1,1,1,Off,1,1,Rx Group BG TS1,Off,Off,Off,Off,Normal Encryption,Off,Off,Off,Off,251.1,1,1,1,DMR - Bulgarie,,,,,,,,Off,Off,Off,1
173,TS2-LZ0HAM-Botev,439.50000,431.90000,D-Digital,High,12.5K,Off,Off,9 - Local,Group Call,9,Exemple1,ChannelFree,Carrier,Off,1,1,1,Off,1,2,Rx Group BG TS2,Off,Off,Off,Off,Normal Encryption,Off,Off,Off,Off,251.1,1,1,1,DMR - Bulgarie,,,,,,,,Off,Off,Off,1
176,TS1-LZ0DDF-Sofia,439.47500,431.87500,D-Digital,High,12.5K,Off,Off,937 - Francophon,Group Call,937,Exemple1,ChannelFree,Carrier,Off,1,1,1,Off,1,1,Rx Group BG TS1,Off,Off,Off,Off,Normal Encryption,Off,Off,Off,Off,251.1,1,1,1,DMR - Sofia,,,,,,,,Off,Off,Off,1
177,TS2-LZ0DDF-Sofia,439.47500,431.87500,D-Digital,High,12.5K,Off,Off,2842 - Sofia,Group Call,2842,Exemple1,ChannelFree,Carrier,Off,1,1,1,Off,1,2,Rx Group BG TS2,Off,Off,Off,Off,Normal Encryption,Off,Off,Off,Off,251.1,1,1,1,DMR - Sofia,,,,,,,,Off,Off,Off,1
178,TS1-LZ0ATV-Sofia,439.42500,431.82500,D-Digital,High,12.5K,Off,Off,937 - Francophon,Group Call,937,Exemple1,ChannelFree,Carrier,Off,1,1,1,Off,1,1,Rx Group BG TS1,Off,Off,Off,Off,Normal Encryption,Off,Off,Off,Off,251.1,1,1,1,DMR - Sofia,,,,,,,,Off,Off,Off,7
179,TS2-LZ0ATV-Sofia,439.42500,431.82500,D-Digital,High,12.5K,Off,Off,2842 - Sofia,Group Call,2842,Exemple1,ChannelFree,Carrier,Off,1,1,1,Off,1,2,Rx Group BG TS2,Off,Off,Off,Off,Normal Encryption,Off,Off,Off,Off,251.1,1,1,1,DMR - Sofia,,,,,,,,Off,Off,On,7
180,TS1-LZ0SDR-Sofia,438.70000,431.10000,D-Digital,High,12.5K,Off,Off,937 - Francophon,Group Call,937,Exemple1,ChannelFree,Carrier,Off,1,1,1,Off,1,1,Rx Group BG TS1,Off,Off,Off,Off,Normal Encryption,Off,Off,Off,Off,251.1,1,1,1,DMR - Sofia,,,,,,,,Off,Off,Off,1
181,TS2-LZ0SDR-Sofia,438.70000,431.10000,D-Digital,High,12.5K,Off,Off,2842 - Sofia,Group Call,2842,Exemple1,ChannelFree,Carrier,Off,1,1,1,Off,1,2,Rx Group BG TS2,Off,Off,Off,Off,Normal Encryption,Off,Off,Off,Off,251.1,1,1,1,DMR - Sofia,,,,,,,,Off,Off,Off,1
182,TS1-LZ7AA-Sofia,438.12500,430.52500,D-Digital,High,12.5K,Off,Off,937 - Francophon,Group Call,937,Exemple1,ChannelFree,Carrier,Off,1,1,1,Off,1,1,Rx Group BG TS1,Off,Off,Off,Off,Normal Encryption,Off,Off,Off,Off,251.1,1,1,1,DMR - Sofia,,,,,,,,Off,Off,Off,1
183,TS2-LZ7AA-Sofia,438.12500,430.52500,D-Digital,High,12.5K,Off,Off,2842 - Sofia,Group Call,2842,Exemple1,ChannelFree,Carrier,Off,1,1,1,Off,1,2,Rx Group BG TS2,Off,Off,Off,Off,Normal Encryption,Off,Off,Off,Off,251.1,1,1,1,DMR - Sofia,,,,,,,,Off,Off,Off,1
184,TS1-LZ0DLC-Plovd,439.22500,431.62500,D-Digital,High,12.5K,Off,Off,937 - Francophon,Group Call,937,Exemple1,ChannelFree,Carrier,Off,1,1,1,Off,1,1,Rx Group BG TS1,Off,Off,Off,Off,Normal Encryption,Off,Off,Off,Off,251.1,1,1,1,DMR - Bulgarie,,,,,,,,Off,Off,Off,1
185,TS2-LZ0DLC-Plovd,439.22500,431.62500,D-Digital,High,12.5K,Off,Off,2843 - Plovdiv,Group Call,2843,Exemple1,ChannelFree,Carrier,Off,1,1,1,Off,1,2,Rx Group BG TS2,Off,Off,Off,Off,Normal Encryption,Off,Off,Off,Off,251.1,1,1,1,DMR - Bulgarie,,,,,,,,Off,Off,On,8
186,TS1-LZ0ZAF-Plovd,438.70000,431.10000,D-Digital,High,12.5K,Off,Off,937 - Francophon,Group Call,937,Exemple1,ChannelFree,Carrier,Off,1,1,1,Off,1,1,Rx Group BG TS1,Off,Off,Off,Off,Normal Encryption,Off,Off,Off,Off,251.1,1,1,1,DMR - Bulgarie,,,,,,,,Off,Off,Off,1
187,TS2-LZ0ZAF-Plovd,438.70000,431.10000,D-Digital,High,12.5K,Off,Off,2843 - Plovdiv,Group Call,2843,Exemple1,ChannelFree,Carrier,Off,1,1,1,Off,1,2,Rx Group BG TS2,Off,Off,Off,Off,Normal Encryption,Off,Off,Off,Off,251.1,1,1,1,DMR - Bulgarie,,,,,,,,Off,Off,On,8
188,TS1-LZ0SVV-Hasko,438.37500,430.77500,D-Digital,High,12.5K,Off,Off,937 - Francophon,Group Call,937,Exemple1,ChannelFree,Carrier,Off,1,1,1,Off,1,1,Rx Group BG TS1,Off,Off,Off,Off,Normal Encryption,Off,Off,Off,Off,251.1,1,1,1,DMR - Bulgarie,,,,,,,,Off,Off,Off,1
189,TS2-LZ0SVV-Hasko,438.37500,430.77500,D-Digital,High,12.5K,Off,Off,2847 - Haskovo,Group Call,2847,Exemple1,ChannelFree,Carrier,Off,1,1,1,Off,1,2,Rx Group BG TS2,Off,Off,Off,Off,Normal Encryption,Off,Off,Off,Off,251.1,1,1,1,DMR - Bulgarie,,,,,,,,Off,Off,Off,1
190,TS1-LZ0DAF-Burga,438.45000,430.85000,D-Digital,High,12.5K,Off,Off,937 - Francophon,Group Call,937,Exemple1,ChannelFree,Carrier,Off,1,1,1,Off,1,1,Rx Group BG TS1,Off,Off,Off,Off,Normal Encryption,Off,Off,Off,Off,251.1,1,1,1,,,,,,,,,Off,Off,Off,1
191,TS2-LZ0DAF-Burga,438.45000,430.85000,D-Digital,High,12.5K,Off,Off,2844 - Burgas,Group Call,2844,Exemple1,ChannelFree,Carrier,Off,1,1,1,Off,1,2,Rx Group BG TS2,Off,Off,Off,Off,Normal Encryption,Off,Off,Off,Off,251.1,1,1,1,,,,,,,,,Off,Off,On,8
192,TS1-LZ0RDZ-Varna,439.40000,431.80000,D-Digital,High,12.5K,Off,Off,937 - Francophon,Group Call,937,Exemple1,ChannelFree,Carrier,Off,1,1,1,Off,1,1,Rx Group BG TS1,Off,Off,Off,Off,Normal Encryption,Off,Off,Off,Off,251.1,1,1,1,DMR - Bulgarie,,,,,,,,Off,Off,Off,1
193,TS2-LZ0RDZ-Varna,439.40000,431.80000,D-Digital,High,12.5K,Off,Off,2849 - Varna,Group Call,2849,Exemple1,ChannelFree,Carrier,Off,1,1,1,Off,1,2,Rx Group BG TS2,Off,Off,Off,Off,Normal Encryption,Off,Off,Off,Off,251.1,1,1,1,DMR - Bulgarie,,,,,,,,Off,Off,Off,8
195,TS1-UR0FUA,438.87500,431.27500,D-Digital,High,12.5K,Off,Off,937 - Francophon,Group Call,937,Exemple1,ChannelFree,Carrier,Off,1,1,1,Off,1,1,Rx Group FR TS1,Off,Off,Off,Off,Normal Encryption,Off,Off,Off,Off,251.1,1,1,1,DMR - Bulgarie,,,,,,,,Off,Off,Off,1
196,TS2-UR0FUA,438.87500,431.27500,D-Digital,High,12.5K,Off,Off,2555 - UK NAT,Group Call,2555,Exemple1,ChannelFree,Carrier,Off,1,1,1,Off,1,2,Rx Group BG TS2,Off,Off,Off,Off,Normal Encryption,Off,Off,Off,Off,251.1,1,1,1,DMR - Bulgarie,,,,,,,,Off,Off,Off,1
197,TS1-RR7RAA,434.97500,433.37500,D-Digital,High,12.5K,Off,Off,937 - Francophon,Group Call,937,Exemple1,ChannelFree,Carrier,Off,1,1,1,Off,15,1,Rx Group FR TS1,Off,Off,Off,Off,Normal Encryption,Off,Off,Off,Off,251.1,1,1,1,DMR - Bulgarie,,,,,,,,Off,Off,Off,1
198,TS2-RR7RAA,434.97500,433.37500,D-Digital,High,12.5K,Off,Off,950628 - RU Loca,Group Call,950628,Exemple1,ChannelFree,Carrier,Off,1,1,1,Off,15,2,Rx Group BG TS2,Off,Off,Off,Off,Normal Encryption,Off,Off,Off,Off,251.1,1,1,1,DMR - Bulgarie,,,,,,,,Off,Off,Off,1
199,TS1-RR7RAB,434.72500,433.12500,D-Digital,High,12.5K,Off,Off,937 - Francophon,Group Call,937,Exemple1,ChannelFree,Carrier,Off,1,1,1,Off,5,1,Rx Group FR TS1,Off,Off,Off,Off,Normal Encryption,Off,Off,Off,Off,251.1,1,1,1,DMR - Bulgarie,,,,,,,,Off,Off,Off,1
200,TS2-RR7RAB,434.72500,433.12500,D-Digital,High,12.5K,Off,Off,950628 - RU Loca,Group Call,950628,Exemple1,ChannelFree,Carrier,Off,1,1,1,Off,5,2,Rx Group BG TS2,Off,Off,Off,Off,Normal Encryption,Off,Off,Off,Off,251.1,1,1,1,DMR - Bulgarie,,,,,,,,Off,Off,Off,1
201,CH-01 Simplex BG,433.45000,433.45000,D-Digital,High,12.5K,Off,Off,Simplex,Group Call,99,Exemple1,ChannelFree,Carrier,Off,1,1,1,Off,1,1,Simplex TG-99,Off,Off,On,Off,Normal Encryption,Off,Off,Off,Off,251.1,1,1,1,DMR - Bulgarie,,,,,,,,Off,Off,Off,1
202,CH-02 Simplex BG,438.10000,438.10000,D-Digital,High,12.5K,Off,Off,Simplex,Group Call,99,Exemple1,ChannelFree,Carrier,Off,1,1,1,Off,1,1,Simplex TG-99,Off,Off,On,Off,Normal Encryption,Off,Off,Off,Off,251.1,1,1,1,DMR - Bulgarie,,,,,,,,Off,Off,Off,1
203,F1ZDL Saint-Mard,430.07500,439.47500,A-Analog,High,12.5K,Off,Off,Simplex,Group Call,99,Exemple1,Off,Carrier,Off,1,1,1,Off,1,1,None,Off,Off,Off,Off,Normal Encryption,Off,Off,Off,Off,251.1,1,1,1,VHF & UHF - IdF,,,,,,,,Off,Off,Off,1
204,F1ZUS2 Les Lilas,430.10000,145.00000,A-Analog,High,12.5K,110.9,Off,Simplex,Group Call,99,Exemple1,Off,Carrier,Off,1,1,1,Off,1,1,None,Off,Off,Off,Off,Normal Encryption,Off,Off,Off,Off,251.1,1,1,1,VHF & UHF - IdF,,,,,,,,Off,Off,Off,1
205,F1ZUS7 Les Lilas,430.10000,439.00000,A-Analog,High,12.5K,Off,123.0,Simplex,Group Call,99,Exemple1,Off,Carrier,Off,1,1,1,Off,1,1,None,Off,Off,Off,Off,Normal Encryption,Off,Off,Off,Off,251.1,1,1,1,VHF & UHF - IdF,,,,,,,,Off,Off,Off,1
206,F5ZPA Paris,430.16250,439.56250,A-Analog,High,12.5K,Off,74.4,Simplex,Group Call,99,Exemple1,Off,Carrier,Off,1,1,1,Off,1,1,None,Off,Off,Off,Off,Normal Encryption,Off,Off,Off,Off,251.1,1,1,1,VHF & UHF - IdF,,,,,,,,Off,Off,Off,1
207,F5ZWH Nanterre,430.26250,439.66250,A-Analog,High,12.5K,Off,74.4,Simplex,Group Call,99,Exemple1,Off,Carrier,Off,1,1,1,Off,1,1,None,Off,Off,Off,Off,Normal Encryption,Off,Off,Off,Off,251.1,1,1,1,VHF & UHF - IdF,,,,,,,,Off,Off,Off,1
208,F5ZWI Creteil,430.32500,439.72500,A-Analog,High,12.5K,Off,74.4,Simplex,Group Call,99,Exemple1,Off,Carrier,Off,1,1,1,Off,1,1,None,Off,Off,Off,Off,Normal Encryption,Off,Off,Off,Off,251.1,1,1,1,VHF & UHF - IdF,,,,,,,,Off,Off,Off,1
209,F5ZPX Maurepas,431.82500,145.22500,A-Analog,High,12.5K,Off,77.0,Simplex,Group Call,99,Exemple1,Off,Carrier,Off,1,1,1,Off,1,1,None,Off,Off,Off,Off,Normal Encryption,Off,Off,Off,Off,251.1,1,1,1,VHF & UHF - IdF,,,,,,,,Off,Off,Off,1
210,F1ZGL Linas,432.52500,432.52500,A-Analog,High,12.5K,Off,82.5,Simplex,Group Call,99,Exemple1,Off,Carrier,Off,1,1,1,Off,1,1,None,Off,Off,Off,Off,Normal Encryption,Off,Off,Off,Off,251.1,1,1,1,VHF & UHF - IdF,,,,,,,,Off,Off,Off,1
211,F5ZBF Jurques,145.32500,144.72500,A-Analog,High,12.5K,Off,Off,Simplex,Group Call,99,Exemple1,Off,Carrier,Off,1,1,1,Off,1,1,None,Off,Off,Off,Off,Normal Encryption,Off,Off,Off,Off,251.1,1,1,1,VHF & UHF - FR,,,,,,,,Off,Off,Off,1
212,F5ZWC Jurques,430.02500,431.62500,A-Analog,High,12.5K,Off,Off,Simplex,Group Call,99,Exemple1,Off,Carrier,Off,1,1,1,Off,1,1,None,Off,Off,Off,Off,Normal Encryption,Off,Off,Off,Off,251.1,1,1,1,VHF & UHF - FR,,,,,,,,Off,Off,Off,1
215,LZ0WAG Sofia,145.35000,144.75000,A-Analog,High,12.5K,Off,Off,Simplex,Group Call,99,Exemple1,Off,Carrier,Off,1,1,1,Off,1,1,None,Off,Off,Off,Off,Normal Encryption,Off,Off,Off,Off,251.1,1,1,1,VHF & UHF - BG,,,,,,,,Off,Off,Off,1
216,LZ0BGY - BG,439.00000,431.40000,A-Analog,High,12.5K,Off,79.7,Simplex,Group Call,99,Exemple1,Off,Carrier,Off,1,1,1,Off,1,1,None,Off,Off,Off,Off,Normal Encryption,Off,Off,Off,Off,251.1,1,1,1,VHF & UHF - BG,,,,,,,,Off,Off,Off,1
217,LZ0BGM - Rila,439.30000,431.70000,A-Analog,High,12.5K,Off,79.7,Simplex,Group Call,99,Exemple1,Off,Carrier,Off,1,1,1,Off,1,1,None,Off,Off,Off,Off,Normal Encryption,Off,Off,Off,Off,251.1,1,1,1,VHF & UHF - BG,,,,,,,,Off,Off,Off,1
225,LZ0DVB-B Botev,439.55000,431.95000,A-Analog,High,12.5K,Off,Off,Simplex,Group Call,99,Exemple1,Off,Carrier,Off,1,1,1,Off,1,1,None,Off,Off,Off,Off,Normal Encryption,Off,Off,Off,Off,251.1,1,1,1,VHF & UHF - BG,,,,,,,,Off,Off,Off,1
226,LZ0SUN-B,438.42500,430.82500,A-Analog,High,12.5K,Off,Off,Simplex,Group Call,99,Exemple1,Off,Carrier,Off,1,1,1,Off,1,1,None,Off,Off,Off,Off,Normal Encryption,Off,Off,Off,Off,251.1,1,1,1,VHF & UHF - BG,,,,,,,,Off,Off,Off,1
227,LZ0DAB-B,438.55000,430.95000,A-Analog,High,12.5K,Off,Off,Simplex,Group Call,99,Exemple1,Off,Carrier,Off,1,1,1,Off,1,1,None,Off,Off,Off,Off,Normal Encryption,Off,Off,Off,Off,251.1,1,1,1,VHF & UHF - BG,,,,,,,,Off,Off,Off,1
228,LZ0DAM-B Konska,439.00000,431.40000,A-Analog,High,12.5K,Off,Off,Simplex,Group Call,99,Exemple1,Off,Carrier,Off,1,1,1,Off,1,1,None,Off,Off,Off,Off,Normal Encryption,Off,Off,Off,Off,251.1,1,1,1,,,,,,,,,Off,Off,Off,1
229,LZ1KSP Plovdiv,438.80000,431.20000,A-Analog,High,12.5K,Off,Off,Simplex,Group Call,99,Exemple1,Off,Carrier,Off,1,1,1,Off,1,1,None,Off,Off,Off,Off,Normal Encryption,Off,Off,Off,Off,251.1,1,1,1,,,,,,,,,Off,Off,Off,1
230,LZ0DAF-B Bourgas,438.45000,430.85000,A-Analog,High,12.5K,Off,Off,Simplex,Group Call,99,Exemple1,Off,Carrier,Off,1,1,1,Off,1,1,None,Off,Off,Off,Off,Normal Encryption,Off,Off,Off,Off,251.1,1,1,1,,,,,,,,,Off,Off,Off,1
231,LZ0ZAF-B Plovdiv,438.70000,431.10000,A-Analog,High,12.5K,Off,Off,Simplex,Group Call,99,Exemple1,Off,Carrier,Off,1,1,1,Off,1,1,None,Off,Off,Off,Off,Normal Encryption,Off,Off,Off,Off,251.1,1,1,1,VHF & UHF - BG,,,,,,,,Off,Off,Off,1
232,LZ0DAD-B Obzor,438.50000,430.90000,A-Analog,High,12.5K,Off,Off,Simplex,Group Call,99,Exemple1,Off,Carrier,Off,1,1,1,Off,1,1,None,Off,Off,Off,Off,Normal Encryption,Off,Off,Off,Off,251.1,1,1,1,,,,,,,,,Off,Off,Off,1
233,LZ0MAI Sofia,439.57500,431.97500,A-Analog,High,12.5K,Off,Off,Simplex,Group Call,99,Exemple1,Off,Carrier,Off,1,1,1,Off,1,1,None,Off,Off,Off,Off,Normal Encryption,Off,Off,Off,Off,251.1,1,1,1,VHF & UHF - BG,,,,,,,,Off,Off,Off,1
234,LZ0DBS-B Bourgas,439.60000,432.00000,A-Analog,High,12.5K,Off,Off,Simplex,Group Call,99,Exemple1,Off,Carrier,Off,1,1,1,Off,1,1,None,Off,Off,Off,Off,Normal Encryption,Off,Off,Off,Off,251.1,1,1,1,VHF & UHF - BG,,,,,,,,Off,Off,Off,1
235,LZ0FSB Sofia,439.15000,431.55000,A-Analog,High,12.5K,Off,85.4,Simplex,Group Call,99,Exemple1,Off,Carrier,Off,1,1,1,Off,1,1,None,Off,Off,Off,Off,Normal Encryption,Off,Off,Off,Off,251.1,1,1,1,VHF & UHF - BG,,,,,,,,Off,Off,Off,1
240,HB9G,439.10000,431.50000,A-Analog,High,12.5K,Off,Off,Simplex,Group Call,99,Exemple1,Off,Carrier,Off,1,1,1,Off,1,1,None,Off,Off,Off,Off,Normal Encryption,Off,Off,Off,Off,251.1,1,1,1,HB9 - SUISSE,,,,,,,,Off,Off,Off,1
241,HB9GE-1,439.27500,431.67500,A-Analog,High,12.5K,Off,88.5,Simplex,Group Call,99,Exemple1,Off,Carrier,Off,1,1,1,Off,1,1,None,Off,Off,Off,Off,Normal Encryption,Off,Off,Off,Off,251.1,1,1,1,HB9 - SUISSE,,,,,,,,Off,Off,Off,1
242,HB9GE-2,439.42500,431.82500,A-Analog,High,12.5K,Off,67.0,Simplex,Group Call,99,Exemple1,Off,Carrier,Off,1,1,1,Off,1,1,None,Off,Off,Off,Off,Normal Encryption,Off,Off,Off,Off,251.1,1,1,1,HB9 - SUISSE,,,,,,,,Off,Off,Off,1
243,TS1 - HB9GE-1,431.07500,438.67500,D-Digital,High,12.5K,Off,Off,937 - Francophon,Group Call,937,Exemple1,ChannelFree,Carrier,Off,1,1,1,Off,1,1,Rx Group FR TS1,Off,Off,Off,Off,Normal Encryption,Off,Off,Off,Off,251.1,1,1,1,HB9 - SUISSE,,,,,,,,Off,Off,Off,1
244,TS2 - HB9GE-1,431.07500,438.67500,D-Digital,High,12.5K,Off,Off,22811 - Suisse,Group Call,22811,Exemple1,ChannelFree,Carrier,Off,1,1,1,Off,1,2,Rx Group HB9 TS2,Off,Off,Off,Off,Normal Encryption,Off,Off,Off,Off,251.1,1,1,1,HB9 - SUISSE,,,,,,,,Off,Off,Off,1
245,TS1 - HB9GE-2,430.95000,438.55000,D-Digital,High,12.5K,Off,Off,937 - Francophon,Group Call,937,Exemple1,ChannelFree,Carrier,Off,1,1,1,Off,1,1,Rx Group FR TS1,Off,Off,Off,Off,Normal Encryption,Off,Off,Off,Off,251.1,1,1,1,HB9 - SUISSE,,,,,,,,Off,Off,Off,1
246,TS2 - HB9GE-2,430.95000,438.55000,D-Digital,High,12.5K,Off,Off,22811 - Suisse,Group Call,22811,Exemple1,ChannelFree,Carrier,Off,1,1,1,Off,1,2,Rx Group HB9 TS2,Off,Off,Off,Off,Normal Encryption,Off,Off,Off,Off,251.1,1,1,1,HB9 - SUISSE,,,,,,,,Off,Off,Off,1
247,TS1 - HB9GE-3,431.67500,439.27500,D-Digital,High,12.5K,Off,Off,937 - Francophon,Group Call,937,Exemple1,ChannelFree,Carrier,Off,1,1,1,Off,1,1,Rx Group FR TS1,Off,Off,Off,Off,Normal Encryption,Off,Off,Off,Off,251.1,1,1,1,HB9 - SUISSE,,,,,,,,Off,Off,Off,1
248,TS2 - HB9GE-3,431.67500,439.27500,D-Digital,High,12.5K,Off,Off,22811 - Suisse,Group Call,22811,Exemple1,ChannelFree,Carrier,Off,1,1,1,Off,1,2,Rx Group HB9 TS2,Off,Off,Off,Off,Normal Encryption,Off,Off,Off,Off,251.1,1,1,1,HB9 - SUISSE,,,,,,,,Off,Off,Off,1
249,TS1 - HB9IAP,430.65000,438.25000,D-Digital,High,12.5K,Off,Off,937 - Francophon,Group Call,937,Exemple1,ChannelFree,Carrier,Off,1,1,1,Off,1,1,Rx Group FR TS1,Off,Off,Off,Off,Normal Encryption,Off,Off,Off,Off,251.1,1,1,1,HB9 - SUISSE,,,,,,,,Off,Off,Off,1
250,TS2 - HB9IAP,430.65000,438.25000,D-Digital,High,12.5K,Off,Off,22811 - Suisse,Group Call,22811,Exemple1,ChannelFree,Carrier,Off,1,1,1,Off,1,2,Rx Group HB9 TS2,Off,Off,Off,Off,Normal Encryption,Off,Off,Off,Off,251.1,1,1,1,HB9 - SUISSE,,,,,,,,Off,Off,Off,1
251,TS1 - IR0DU,430.96250,435.96250,D-Digital,High,12.5K,Off,Off,937 - Francophon,Group Call,937,Exemple1,ChannelFree,Carrier,Off,1,1,1,Off,1,1,Rx Group FR TS1,Off,Off,Off,Off,Normal Encryption,Off,Off,Off,Off,251.1,1,1,1,IT - ITALIE,,,,,,,,Off,Off,Off,1
252,TS2 - IR0DU,430.96250,435.96250,D-Digital,High,12.5K,Off,Off,9 - Local,Group Call,9,Exemple1,ChannelFree,Carrier,Off,1,1,1,Off,1,2,Rx Group IT TS2,Off,Off,Off,Off,Normal Encryption,Off,Off,Off,Off,251.1,1,1,1,IT - ITALIE,,,,,,,,Off,Off,Off,1
253,TS1 - IR0DR,430.98750,435.98750,D-Digital,High,12.5K,Off,Off,937 - Francophon,Group Call,937,Exemple1,ChannelFree,Carrier,Off,1,1,1,Off,1,1,Rx Group FR TS1,Off,Off,Off,Off,Normal Encryption,Off,Off,Off,Off,251.1,1,1,1,IT - ITALIE,,,,,,,,Off,Off,Off,1
254,TS2 - IR0DR,430.98750,435.98750,D-Digital,High,12.5K,Off,Off,9 - Local,Group Call,9,Exemple1,ChannelFree,Carrier,Off,1,1,1,Off,1,2,Rx Group IT TS2,Off,Off,Off,Off,Normal Encryption,Off,Off,Off,Off,251.1,1,1,1,IT - ITALIE,,,,,,,,Off,Off,Off,1
255,IKOYYY,430.37500,435.37500,A-Analog,High,12.5K,Off,67.0,Simplex,Group Call,99,Exemple1,Off,Carrier,Off,1,1,1,Off,1,1,None,Off,Off,Off,Off,Normal Encryption,Off,Off,Off,Off,251.1,1,1,1,IT - ITALIE,,,,,,,,Off,Off,Off,1
256,RU31,431.62500,433.22500,A-Analog,High,12.5K,Off,103.5,Simplex,Group Call,99,Exemple1,Off,Carrier,Off,1,1,1,Off,1,1,None,Off,Off,Off,Off,Normal Encryption,Off,Off,Off,Off,251.1,1,1,1,IT - ITALIE,,,,,,,,Off,Off,Off,1
257,RU11,430.27500,431.87500,A-Analog,High,12.5K,Off,Off,Simplex,Group Call,99,Exemple1,Off,Carrier,Off,1,1,1,Off,1,1,None,Off,Off,Off,Off,Normal Encryption,Off,Off,Off,Off,251.1,1,1,1,IT - ITALIE,,,,,,,,Off,Off,Off,1
258,RU18,431.27500,432.87500,A-Analog,High,12.5K,Off,88.5,Simplex,Group Call,99,Exemple1,Off,Carrier,Off,1,1,1,Off,1,1,None,Off,Off,Off,Off,Normal Encryption,Off,Off,Off,Off,251.1,1,1,1,IT - ITALIE,,,,,,,,Off,Off,Off,1
259,IR0UEV,431.50000,433.10000,A-Analog,High,12.5K,Off,85.4,Simplex,Group Call,99,Exemple1,Off,Carrier,Off,1,1,1,Off,1,1,None,Off,Off,Off,Off,Normal Encryption,Off,Off,Off,Off,251.1,1,1,1,IT - ITALIE,,,,,,,,Off,Off,Off,1
260,IR8UBE,430.12500,431.72500,A-Analog,High,12.5K,Off,Off,Simplex,Group Call,99,Exemple1,Off,Carrier,Off,1,1,1,Off,1,1,None,Off,Off,Off,Off,Normal Encryption,Off,Off,Off,Off,251.1,1,1,1,IT - ITALIE,,,,,,,,Off,Off,Off,1
261,RU6,430.15000,435.15000,A-Analog,High,12.5K,Off,88.5,Simplex,Group Call,99,Exemple1,Off,Carrier,Off,1,1,1,Off,1,1,None,Off,Off,Off,Off,Normal Encryption,Off,Off,Off,Off,251.1,1,1,1,IT - ITALIE,,,,,,,,Off,Off,Off,1
4001,Channel VFO A,446.00000,455.40000,D-Digital,Turbo,25K,Off,Off,Simplex,Group Call,99,Exemple1,Off,Carrier,Off,1,1,1,Off,1,1,Simplex TG-99,Off,Off,On,Off,Normal Encryption,Off,Off,On,Off,131.8,1,1,1,DMR - IdF,,,,,,,,Off,On,Off,1
4002,Channel VFO B,145.60000,154.60000,A-Analog,Turbo,25K,Off,Off,Simplex,Group Call,99,Exemple1,Off,Carrier,Off,1,1,1,Off,1,1,Simplex TG-99,Off,Off,Off,Off,Normal Encryption,Off,Off,Off,Off,131.8,1,1,1,DMR - IdF,,,,,,,,Off,Off,Off,1